qid,Q0,docno,rank,score,tag
1221841304512057344,Q0,1274652692217049088,1,1,RL_run
1221841304512057344,Q0,3183237037,2,1,RL_run
1221841304512057344,Q0,242081723,3,1,RL_run
1221841304512057344,Q0,242081723,4,1,RL_run
1221841304512057344,Q0,1353711643742662657,5,1,RL_run
1221841304512057344,Q0,1230485893,6,1,RL_run
1221841304512057344,Q0,293466923,7,1,RL_run
1221841304512057344,Q0,1264208004,8,1,RL_run
1221841304512057344,Q0,821749807945580545,9,1,RL_run
1221841304512057344,Q0,2431681758,10,1,RL_run
1221841304512057344,Q0,1353711643742662657,11,1,RL_run
1221841304512057344,Q0,1264208004,12,1,RL_run
1221841304512057344,Q0,637377286,13,1,RL_run
1221841304512057344,Q0,1903298402,14,1,RL_run
1221841304512057344,Q0,907713585828298754,15,1,RL_run
1221841304512057344,Q0,1264208004,16,1,RL_run
1221841304512057344,Q0,1264208004,17,1,RL_run
1221841304512057344,Q0,637377286,18,1,RL_run
1225453717270532097,Q0,1295065674994204672,1,1,RL_run
1225453717270532097,Q0,709085388468588544,2,1,RL_run
1225453717270532097,Q0,4816936572,3,1,RL_run
1225453717270532097,Q0,891970979374694400,4,1,RL_run
1225453717270532097,Q0,1099928406156816384,5,1,RL_run
1225453717270532097,Q0,1295065674994204672,6,1,RL_run
1225453717270532097,Q0,2276640199,7,1,RL_run
1225453717270532097,Q0,1335830366,8,1,RL_run
1225453717270532097,Q0,19280428,9,1,RL_run
1225453717270532097,Q0,819694765,10,1,RL_run
1225453717270532097,Q0,844860412008980481,11,1,RL_run
1225453717270532097,Q0,945310303,12,1,RL_run
1225453717270532097,Q0,1116034096818466816,13,1,RL_run
1225453717270532097,Q0,1116034096818466816,14,1,RL_run
1225453717270532097,Q0,819694765,15,1,RL_run
1225453717270532097,Q0,1128926018369150977,16,1,RL_run
1225453717270532097,Q0,1170953914331607040,17,1,RL_run
1225453717270532097,Q0,58439397,18,1,RL_run
1225453717270532097,Q0,570223846,19,1,RL_run
1225453717270532097,Q0,58439397,20,1,RL_run
1225453717270532097,Q0,1116034096818466816,21,1,RL_run
1225453717270532097,Q0,1335830366,22,1,RL_run
1225453717270532097,Q0,1295065674994204672,23,1,RL_run
1225453717270532097,Q0,819694765,24,1,RL_run
1225453717270532097,Q0,1097756033336848384,25,1,RL_run
1225453717270532097,Q0,246727008,26,1,RL_run
1225453717270532097,Q0,1116034096818466816,27,1,RL_run
1225453717270532097,Q0,1295065674994204672,28,1,RL_run
1225453717270532097,Q0,4816936572,29,1,RL_run
1225453717270532097,Q0,844860412008980481,30,1,RL_run
1225453717270532097,Q0,709085388468588544,31,1,RL_run
1225453717270532097,Q0,709085388468588544,32,1,RL_run
1225453717270532097,Q0,844860412008980481,33,1,RL_run
1225453717270532097,Q0,709085388468588544,34,1,RL_run
1225453717270532097,Q0,710569086296653824,35,1,RL_run
1225453717270532097,Q0,844860412008980481,36,1,RL_run
1225453717270532097,Q0,844860412008980481,37,1,RL_run
1225453717270532097,Q0,246727008,38,1,RL_run
1225453717270532097,Q0,570223846,39,1,RL_run
1225453717270532097,Q0,570223846,40,1,RL_run
1225453717270532097,Q0,570223846,41,1,RL_run
1225453717270532097,Q0,570223846,42,1,RL_run
1225453717270532097,Q0,1116034096818466816,43,1,RL_run
1225453717270532097,Q0,4816936572,44,1,RL_run
1235188691926233088,Q0,1331237462992162825,1,1,RL_run
1235188691926233088,Q0,1043798305946435584,2,1,RL_run
1235188691926233088,Q0,861055008,3,1,RL_run
1235188691926233088,Q0,41360559,4,1,RL_run
1235188691926233088,Q0,1257985088517746691,5,1,RL_run
1235188691926233088,Q0,1171056150999158791,6,1,RL_run
1235188691926233088,Q0,2929311007,7,1,RL_run
1235188691926233088,Q0,1171056150999158791,8,1,RL_run
1235188691926233088,Q0,398593054,9,1,RL_run
1235188691926233088,Q0,118629205,10,1,RL_run
1235188691926233088,Q0,471010707,11,1,RL_run
1235188691926233088,Q0,2929311007,12,1,RL_run
1235188691926233088,Q0,41360559,13,1,RL_run
1235188691926233088,Q0,1526932652,14,1,RL_run
1235188691926233088,Q0,611520036,15,1,RL_run
1235188691926233088,Q0,2929311007,16,1,RL_run
1235188691926233088,Q0,131118286,17,1,RL_run
1235188691926233088,Q0,71742734,18,1,RL_run
1235188691926233088,Q0,2241851396,19,1,RL_run
1235188691926233088,Q0,423656000,20,1,RL_run
1235188691926233088,Q0,71742734,21,1,RL_run
1235188691926233088,Q0,471010707,22,1,RL_run
1235188691926233088,Q0,118629205,23,1,RL_run
1235188691926233088,Q0,2929311007,24,1,RL_run
1235188691926233088,Q0,2929311007,25,1,RL_run
1235188691926233088,Q0,471010707,26,1,RL_run
1235188691926233088,Q0,611520036,27,1,RL_run
1235188691926233088,Q0,611520036,28,1,RL_run
1235188691926233088,Q0,611520036,29,1,RL_run
1235188691926233088,Q0,611520036,30,1,RL_run
1261427245698019328,Q0,752984869957959680,1,1,RL_run
1261427245698019328,Q0,121818799,2,1,RL_run
1261427245698019328,Q0,1526932652,3,1,RL_run
1261427245698019328,Q0,423656000,4,1,RL_run
1261427245698019328,Q0,2241851396,5,1,RL_run
1261427245698019328,Q0,56302272,6,1,RL_run
1261427245698019328,Q0,1526932652,7,1,RL_run
1261427245698019328,Q0,423656000,8,1,RL_run
1261427245698019328,Q0,251826832,9,1,RL_run
1261427245698019328,Q0,549916192,10,1,RL_run
1261427245698019328,Q0,1266848089,11,1,RL_run
1261427245698019328,Q0,471010707,12,1,RL_run
1261427245698019328,Q0,56302272,13,1,RL_run
1261427245698019328,Q0,44335525,14,1,RL_run
1261427245698019328,Q0,348378205,15,1,RL_run
1261427245698019328,Q0,56302272,16,1,RL_run
1261427245698019328,Q0,37599685,17,1,RL_run
1261427245698019328,Q0,735703050191405057,18,1,RL_run
1261427245698019328,Q0,471010707,19,1,RL_run
1261427245698019328,Q0,549916192,20,1,RL_run
1261427245698019328,Q0,524193350,21,1,RL_run
1261427245698019328,Q0,2357574121,22,1,RL_run
1261427245698019328,Q0,118629205,23,1,RL_run
1261427245698019328,Q0,348378205,24,1,RL_run
1261427245698019328,Q0,471010707,25,1,RL_run
1261427245698019328,Q0,118629205,26,1,RL_run
1261427245698019328,Q0,735703050191405057,27,1,RL_run
1261427245698019328,Q0,348378205,28,1,RL_run
1261427245698019328,Q0,348378205,29,1,RL_run
1261427245698019328,Q0,348378205,30,1,RL_run
1261427245698019328,Q0,398593054,31,1,RL_run
1261427245698019328,Q0,398593054,32,1,RL_run
1261427245698019328,Q0,398593054,33,1,RL_run
1261427245698019328,Q0,348378205,34,1,RL_run
1264560941909397506,Q0,1234116780,1,1,RL_run
1264560941909397506,Q0,1267398678609829888,2,1,RL_run
1264560941909397506,Q0,249409411,3,1,RL_run
1264560941909397506,Q0,1319832283,4,1,RL_run
1264560941909397506,Q0,1319832283,5,1,RL_run
1264560941909397506,Q0,249409411,6,1,RL_run
1264560941909397506,Q0,1234116780,7,1,RL_run
1264560941909397506,Q0,1319832283,8,1,RL_run
1264560941909397506,Q0,249409411,9,1,RL_run
1264560941909397506,Q0,989499751086415877,10,1,RL_run
1264560941909397506,Q0,587257369,11,1,RL_run
1264560941909397506,Q0,587257369,12,1,RL_run
1264560941909397506,Q0,249409411,13,1,RL_run
1264560941909397506,Q0,587257369,14,1,RL_run
1275844988820164609,Q0,149997347,1,1,RL_run
1275844988820164609,Q0,1264208004,2,1,RL_run
1275844988820164609,Q0,1250508554,3,1,RL_run
1275844988820164609,Q0,1264208004,4,1,RL_run
1275844988820164609,Q0,907713585828298754,5,1,RL_run
1275844988820164609,Q0,1264208004,6,1,RL_run
1283189827639418880,Q0,1149373458121461760,1,1,RL_run
1283189827639418880,Q0,2328417654,2,1,RL_run
1283189827639418880,Q0,2328417654,3,1,RL_run
1283189827639418880,Q0,945587529482473473,4,1,RL_run
1283189827639418880,Q0,1149373458121461760,5,1,RL_run
1283189827639418880,Q0,1149373458121461760,6,1,RL_run
1283189827639418880,Q0,1376485700179267586,7,1,RL_run
1283189827639418880,Q0,16544348,8,1,RL_run
1283189827639418880,Q0,2328417654,9,1,RL_run
1283189827639418880,Q0,945587529482473473,10,1,RL_run
1283189827639418880,Q0,2328417654,11,1,RL_run
1283189827639418880,Q0,2328417654,12,1,RL_run
1298733274211266561,Q0,2419191913,1,1,RL_run
1298733274211266561,Q0,588212229,2,1,RL_run
1298733274211266561,Q0,754706630114156544,3,1,RL_run
1298733274211266561,Q0,588212229,4,1,RL_run
1298733274211266561,Q0,3484217843,5,1,RL_run
1298733274211266561,Q0,3484217843,6,1,RL_run
1298733274211266561,Q0,2963731179,7,1,RL_run
1298733274211266561,Q0,588212229,8,1,RL_run
1298733274211266561,Q0,261609730,9,1,RL_run
1298733274211266561,Q0,288160069,10,1,RL_run
1298733274211266561,Q0,288160069,11,1,RL_run
1298733274211266561,Q0,1225098268364955648,12,1,RL_run
1298733274211266561,Q0,259372802,13,1,RL_run
1298733274211266561,Q0,588212229,14,1,RL_run
1298733274211266561,Q0,560642472,15,1,RL_run
1298733274211266561,Q0,373257377,16,1,RL_run
1298733274211266561,Q0,3369416608,17,1,RL_run
1298733274211266561,Q0,1225098268364955648,18,1,RL_run
1298733274211266561,Q0,259680702,19,1,RL_run
1298733274211266561,Q0,2963731179,20,1,RL_run
1298733274211266561,Q0,288160069,21,1,RL_run
1298733274211266561,Q0,588212229,22,1,RL_run
1298733274211266561,Q0,560642472,23,1,RL_run
1298733274211266561,Q0,373257377,24,1,RL_run
1298733274211266561,Q0,588212229,25,1,RL_run
1298733274211266561,Q0,560642472,26,1,RL_run
1298733274211266561,Q0,373257377,27,1,RL_run
1298733274211266561,Q0,560642472,28,1,RL_run
1298733274211266561,Q0,588212229,29,1,RL_run
1298733274211266561,Q0,259372802,30,1,RL_run
1298733274211266561,Q0,373257377,31,1,RL_run
1298733274211266561,Q0,373257377,32,1,RL_run
1319222201581752320,Q0,875308859384115202,1,1,RL_run
1319222201581752320,Q0,793765101429985280,2,1,RL_run
1319222201581752320,Q0,1094641471909752832,3,1,RL_run
1319222201581752320,Q0,1094641471909752832,4,1,RL_run
1319222201581752320,Q0,237695510,5,1,RL_run
1319222201581752320,Q0,1094641471909752832,6,1,RL_run
1319222201581752320,Q0,237695510,7,1,RL_run
1319222201581752320,Q0,237695510,8,1,RL_run
1340691228724236289,Q0,1186788943930499072,1,1,RL_run
1340691228724236289,Q0,1186788943930499072,2,1,RL_run
1340691228724236289,Q0,1186788943930499072,3,1,RL_run
1340691228724236289,Q0,794172666534039552,4,1,RL_run
1340691228724236289,Q0,1221445083641401344,5,1,RL_run
1340691228724236289,Q0,821749807945580545,6,1,RL_run
1340691228724236289,Q0,304754319,7,1,RL_run
1340691228724236289,Q0,821749807945580545,8,1,RL_run
1340691228724236289,Q0,821749807945580545,9,1,RL_run
1340691228724236289,Q0,304754319,10,1,RL_run
1340691228724236289,Q0,1221445083641401344,11,1,RL_run
1340691228724236289,Q0,304754319,12,1,RL_run
1341109399008456711,Q0,552155521,1,1,RL_run
1341109399008456711,Q0,359504146,2,1,RL_run
1341109399008456711,Q0,280172306,3,1,RL_run
1341109399008456711,Q0,1246005840970219520,4,1,RL_run
1341109399008456711,Q0,948154541022896129,5,1,RL_run
1341109399008456711,Q0,4349033200,6,1,RL_run
1341109399008456711,Q0,552155521,7,1,RL_run
1341109399008456711,Q0,1155566413790285828,8,1,RL_run
1341109399008456711,Q0,1217538564,9,1,RL_run
1341109399008456711,Q0,55532352,10,1,RL_run
1341109399008456711,Q0,280172306,11,1,RL_run
1341109399008456711,Q0,359504146,12,1,RL_run
1341109399008456711,Q0,2761843375,13,1,RL_run
1341109399008456711,Q0,2761843375,14,1,RL_run
1341109399008456711,Q0,55532352,15,1,RL_run
1341109399008456711,Q0,280172306,16,1,RL_run
1341109399008456711,Q0,1155566413790285828,17,1,RL_run
1341109399008456711,Q0,1155566413790285828,18,1,RL_run
1352592455363944450,Q0,2703410888,1,1,RL_run
1352592455363944450,Q0,2703410888,2,1,RL_run
1367228231749951489,Q0,965706379,1,1,RL_run
1367228231749951489,Q0,965706379,2,1,RL_run
1367228231749951489,Q0,34364681,3,1,RL_run
1367228231749951489,Q0,965706379,4,1,RL_run
1368160415356698631,Q0,1101043267196592128,1,1,RL_run
1368160415356698631,Q0,150578679,2,1,RL_run
1368160415356698631,Q0,569792145,3,1,RL_run
1368160415356698631,Q0,3879047903,4,1,RL_run
1368160415356698631,Q0,3408942634,5,1,RL_run
1368160415356698631,Q0,3879047903,6,1,RL_run
1368160415356698631,Q0,569792145,7,1,RL_run
1368160415356698631,Q0,3879047903,8,1,RL_run
1368160415356698631,Q0,68483043,9,1,RL_run
1368160415356698631,Q0,150578679,10,1,RL_run
1368160415356698631,Q0,259372802,11,1,RL_run
1368160415356698631,Q0,3408942634,12,1,RL_run
1368160415356698631,Q0,3408942634,13,1,RL_run
1368160415356698631,Q0,259372802,14,1,RL_run
1368160415356698631,Q0,259372802,15,1,RL_run
1368160415356698631,Q0,569792145,16,1,RL_run
1368160415356698631,Q0,259372802,17,1,RL_run
1368160415356698631,Q0,3408942634,18,1,RL_run
1371181189353111553,Q0,1050838497253355521,1,1,RL_run
1371181189353111553,Q0,4402400561,2,1,RL_run
1371181189353111553,Q0,2194585501,3,1,RL_run
1371181189353111553,Q0,274133892,4,1,RL_run
1371181189353111553,Q0,2283469818,5,1,RL_run
1371181189353111553,Q0,274133892,6,1,RL_run
1371181189353111553,Q0,3215996722,7,1,RL_run
1371181189353111553,Q0,745581936421257216,8,1,RL_run
1371181189353111553,Q0,1314197292417605639,9,1,RL_run
1371181189353111553,Q0,1314197292417605639,10,1,RL_run
1371181189353111553,Q0,2283469818,11,1,RL_run
1371181189353111553,Q0,4402400561,12,1,RL_run
1371181189353111553,Q0,2283469818,13,1,RL_run
1371181189353111553,Q0,2283469818,14,1,RL_run
1371181189353111553,Q0,2194585501,15,1,RL_run
1371181189353111553,Q0,745581936421257216,16,1,RL_run
1371181189353111553,Q0,187142863,17,1,RL_run
1371181189353111553,Q0,1314197292417605639,18,1,RL_run
1371181189353111553,Q0,1362191299,19,1,RL_run
1371181189353111553,Q0,745581936421257216,20,1,RL_run
1371181189353111553,Q0,1314197292417605639,21,1,RL_run
1371181189353111553,Q0,1362191299,22,1,RL_run
1371181189353111553,Q0,1362191299,23,1,RL_run
1371181189353111553,Q0,745581936421257216,24,1,RL_run
1371181189353111553,Q0,1362191299,25,1,RL_run
1371181189353111553,Q0,745581936421257216,26,1,RL_run
1372195579275657222,Q0,1259213114232446977,1,1,RL_run
1372195579275657222,Q0,1275183444671238144,2,1,RL_run
1372195579275657222,Q0,1275183444671238144,3,1,RL_run
1372195579275657222,Q0,258072435,4,1,RL_run
1372195579275657222,Q0,1275183444671238144,5,1,RL_run
1372195579275657222,Q0,1259213114232446977,6,1,RL_run
1372195579275657222,Q0,1275183444671238144,7,1,RL_run
1372195579275657222,Q0,258072435,8,1,RL_run
1374358675066908675,Q0,1225098268364955648,1,1,RL_run
1374358675066908675,Q0,1225098268364955648,2,1,RL_run
1378830982002921473,Q0,1182986705026146305,1,1,RL_run
1378830982002921473,Q0,258431777,2,1,RL_run
1378830982002921473,Q0,2979043046,3,1,RL_run
1378830982002921473,Q0,2972959908,4,1,RL_run
1378830982002921473,Q0,1362191299,5,1,RL_run
1378830982002921473,Q0,1362191299,6,1,RL_run
1378830982002921473,Q0,258431777,7,1,RL_run
1378830982002921473,Q0,2283469818,8,1,RL_run
1378830982002921473,Q0,3074962502,9,1,RL_run
1378830982002921473,Q0,1362191299,10,1,RL_run
1378830982002921473,Q0,187142863,11,1,RL_run
1378830982002921473,Q0,841211876776259585,12,1,RL_run
1378830982002921473,Q0,187142863,13,1,RL_run
1378830982002921473,Q0,1356498107664650241,14,1,RL_run
1378830982002921473,Q0,2972959908,15,1,RL_run
1378830982002921473,Q0,766228321944408065,16,1,RL_run
1378830982002921473,Q0,1314197292417605639,17,1,RL_run
1378830982002921473,Q0,1362191299,18,1,RL_run
1378830982002921473,Q0,1314197292417605639,19,1,RL_run
1378830982002921473,Q0,1362191299,20,1,RL_run
1378830982002921473,Q0,1362191299,21,1,RL_run
1378830982002921473,Q0,841211876776259585,22,1,RL_run
1378830982002921473,Q0,3074962502,23,1,RL_run
1378830982002921473,Q0,2283469818,24,1,RL_run
1378830982002921473,Q0,223625718,25,1,RL_run
1378830982002921473,Q0,3074962502,26,1,RL_run
1378830982002921473,Q0,1011119656588009472,27,1,RL_run
1378830982002921473,Q0,3190707434,28,1,RL_run
1378830982002921473,Q0,2283469818,29,1,RL_run
1378830982002921473,Q0,3074962502,30,1,RL_run
1378830982002921473,Q0,2972959908,31,1,RL_run
1378830982002921473,Q0,1011119656588009472,32,1,RL_run
1378830982002921473,Q0,1362191299,33,1,RL_run
1378830982002921473,Q0,2972959908,34,1,RL_run
1378830982002921473,Q0,1362191299,35,1,RL_run
1378830982002921473,Q0,2972959908,36,1,RL_run
1384121880106323970,Q0,1274652692217049088,1,1,RL_run
1384121880106323970,Q0,1450513873178607623,2,1,RL_run
1384121880106323970,Q0,1274652692217049088,3,1,RL_run
1384121880106323970,Q0,576241232,4,1,RL_run
1384121880106323970,Q0,293466923,5,1,RL_run
1384121880106323970,Q0,142266613,6,1,RL_run
1384121880106323970,Q0,1450513873178607623,7,1,RL_run
1384121880106323970,Q0,1182257936002949121,8,1,RL_run
1384121880106323970,Q0,70407496,9,1,RL_run
1384121880106323970,Q0,293466923,10,1,RL_run
1384121880106323970,Q0,576241232,11,1,RL_run
1384121880106323970,Q0,70407496,12,1,RL_run
1384121880106323970,Q0,293466923,13,1,RL_run
1384121880106323970,Q0,142264595,14,1,RL_run
1384121880106323970,Q0,142264595,15,1,RL_run
1384121880106323970,Q0,142264595,16,1,RL_run
1384121880106323970,Q0,142266613,17,1,RL_run
1384121880106323970,Q0,1223730390562721793,18,1,RL_run
1384121880106323970,Q0,190592920,19,1,RL_run
1384121880106323970,Q0,1182257936002949121,20,1,RL_run
1384121880106323970,Q0,1182257936002949121,21,1,RL_run
1384121880106323970,Q0,1450513873178607623,22,1,RL_run
1384121880106323970,Q0,142266613,23,1,RL_run
1384121880106323970,Q0,142266613,24,1,RL_run
1384121880106323970,Q0,2463676838,25,1,RL_run
1384121880106323970,Q0,2463676838,26,1,RL_run
1396109634973351937,Q0,1380962639573049351,1,1,RL_run
1396109634973351937,Q0,966564689177202688,2,1,RL_run
1396109634973351937,Q0,2283469818,3,1,RL_run
1396109634973351937,Q0,2987113345,4,1,RL_run
1396109634973351937,Q0,3395779873,5,1,RL_run
1396109634973351937,Q0,3395779873,6,1,RL_run
1396109634973351937,Q0,376897227,7,1,RL_run
1396109634973351937,Q0,274133892,8,1,RL_run
1396109634973351937,Q0,274133892,9,1,RL_run
1396109634973351937,Q0,115151170,10,1,RL_run
1396109634973351937,Q0,446821067,11,1,RL_run
1396109634973351937,Q0,446821067,12,1,RL_run
1396109634973351937,Q0,2283469818,13,1,RL_run
1396109634973351937,Q0,2283469818,14,1,RL_run
1397626394352439305,Q0,1353360016468660225,1,1,RL_run
1397626394352439305,Q0,1353360016468660225,2,1,RL_run
1397626394352439305,Q0,1182257936002949121,3,1,RL_run
1397626394352439305,Q0,1353360016468660225,4,1,RL_run
1397626394352439305,Q0,1353360016468660225,5,1,RL_run
1397626394352439305,Q0,1182257936002949121,6,1,RL_run
1414667089391017992,Q0,569792145,1,1,RL_run
1414667089391017992,Q0,919571515,2,1,RL_run
1414667089391017992,Q0,460210929,3,1,RL_run
1414667089391017992,Q0,259372802,4,1,RL_run
1414667089391017992,Q0,150578679,5,1,RL_run
1414667089391017992,Q0,460210929,6,1,RL_run
1414667089391017992,Q0,150578679,7,1,RL_run
1414667089391017992,Q0,259372802,8,1,RL_run
1417253789447376901,Q0,2464933164,1,1,RL_run
1417253789447376901,Q0,2463676838,2,1,RL_run
1417253789447376901,Q0,1422848399498485769,3,1,RL_run
1417253789447376901,Q0,1318978674411163648,4,1,RL_run
1417253789447376901,Q0,1192946702891790336,5,1,RL_run
1417253789447376901,Q0,1043252048668643328,6,1,RL_run
1417253789447376901,Q0,2583704606,7,1,RL_run
1417253789447376901,Q0,1318978674411163648,8,1,RL_run
1417253789447376901,Q0,1318978674411163648,9,1,RL_run
1417253789447376901,Q0,1184797432246353920,10,1,RL_run
1417253789447376901,Q0,1043252048668643328,11,1,RL_run
1417253789447376901,Q0,1422848399498485769,12,1,RL_run
1417253789447376901,Q0,1279917380710346752,13,1,RL_run
1417253789447376901,Q0,748291920,14,1,RL_run
1417253789447376901,Q0,1279917380710346752,15,1,RL_run
1417253789447376901,Q0,1192946702891790336,16,1,RL_run
1417253789447376901,Q0,1192946702891790336,17,1,RL_run
1417253789447376901,Q0,955791448443703296,18,1,RL_run
1417253789447376901,Q0,1279917380710346752,19,1,RL_run
1417253789447376901,Q0,1279917380710346752,20,1,RL_run
1420863577200730117,Q0,2464933164,1,1,RL_run
1420863577200730117,Q0,1318978674411163648,2,1,RL_run
1420863577200730117,Q0,2168802772,3,1,RL_run
1420863577200730117,Q0,1318978674411163648,4,1,RL_run
1420863577200730117,Q0,1422848399498485769,5,1,RL_run
1420863577200730117,Q0,1239152434309738496,6,1,RL_run
1420863577200730117,Q0,2464933164,7,1,RL_run
1420863577200730117,Q0,1422848399498485769,8,1,RL_run
1420863577200730117,Q0,1239152434309738496,9,1,RL_run
1420863577200730117,Q0,2464933164,10,1,RL_run
1420863577200730117,Q0,1422848399498485769,11,1,RL_run
1420863577200730117,Q0,2463676838,12,1,RL_run
1420863577200730117,Q0,2463676838,13,1,RL_run
1420863577200730117,Q0,2463676838,14,1,RL_run
1420863577200730117,Q0,1422848399498485769,15,1,RL_run
1420863577200730117,Q0,1422848399498485769,16,1,RL_run
1422891523822268416,Q0,1449780097188306946,1,1,RL_run
1422891523822268416,Q0,181906382,2,1,RL_run
1422891523822268416,Q0,1308335184211849216,3,1,RL_run
1422891523822268416,Q0,181906382,4,1,RL_run
1422891523822268416,Q0,166513119,5,1,RL_run
1422891523822268416,Q0,1308335184211849216,6,1,RL_run
1422891523822268416,Q0,1139289637,7,1,RL_run
1422891523822268416,Q0,107359225,8,1,RL_run
1422891523822268416,Q0,1449780097188306946,9,1,RL_run
1422891523822268416,Q0,1001176241075032065,10,1,RL_run
1422891523822268416,Q0,1065972931677827073,11,1,RL_run
1422891523822268416,Q0,1449780097188306946,12,1,RL_run
1422891523822268416,Q0,1065972931677827073,13,1,RL_run
1422891523822268416,Q0,1481786138,14,1,RL_run
1422891523822268416,Q0,2195188767,15,1,RL_run
1422891523822268416,Q0,1481786138,16,1,RL_run
1422891523822268416,Q0,1481786138,17,1,RL_run
1422891523822268416,Q0,3112616929,18,1,RL_run
1422891523822268416,Q0,3112616929,19,1,RL_run
1422891523822268416,Q0,3112616929,20,1,RL_run
1425132064450531328,Q0,947425424,1,1,RL_run
1425132064450531328,Q0,947425424,2,1,RL_run
1426036369172860931,Q0,1376485700179267586,1,1,RL_run
1426036369172860931,Q0,1430146772366774280,2,1,RL_run
1426036369172860931,Q0,1379164699804192771,3,1,RL_run
1426036369172860931,Q0,3099604144,4,1,RL_run
1426036369172860931,Q0,1379164699804192771,5,1,RL_run
1426036369172860931,Q0,989499751086415877,6,1,RL_run
1426036369172860931,Q0,1430146772366774280,7,1,RL_run
1426036369172860931,Q0,1379164699804192771,8,1,RL_run
1426036369172860931,Q0,2229824098,9,1,RL_run
1426036369172860931,Q0,989499751086415877,10,1,RL_run
1426036369172860931,Q0,1359582507214192647,11,1,RL_run
1426036369172860931,Q0,756193462932807681,12,1,RL_run
1426036369172860931,Q0,1319832283,13,1,RL_run
1426036369172860931,Q0,1319832283,14,1,RL_run
1426036369172860931,Q0,1430146772366774280,15,1,RL_run
1426036369172860931,Q0,2229824098,16,1,RL_run
1426036369172860931,Q0,2229824098,17,1,RL_run
1426036369172860931,Q0,989499751086415877,18,1,RL_run
1426036369172860931,Q0,1319832283,19,1,RL_run
1426036369172860931,Q0,1319832283,20,1,RL_run
1431520406083616769,Q0,1245261355923443712,1,1,RL_run
1431520406083616769,Q0,1245261355923443712,2,1,RL_run
1431520406083616769,Q0,1151970212239032320,3,1,RL_run
1431520406083616769,Q0,88236889,4,1,RL_run
1431520406083616769,Q0,847030764587900929,5,1,RL_run
1431520406083616769,Q0,847030764587900929,6,1,RL_run
1431520406083616769,Q0,88236889,7,1,RL_run
1431520406083616769,Q0,1151970212239032320,8,1,RL_run
1431520406083616769,Q0,88236889,9,1,RL_run
1431520406083616769,Q0,259691986,10,1,RL_run
1431520406083616769,Q0,239501900,11,1,RL_run
1431520406083616769,Q0,296134526,12,1,RL_run
1431520406083616769,Q0,296134526,13,1,RL_run
1431520406083616769,Q0,270471814,14,1,RL_run
1431520406083616769,Q0,296134526,15,1,RL_run
1431520406083616769,Q0,296134526,16,1,RL_run
1431658799761436683,Q0,2504924647,1,1,RL_run
1431658799761436683,Q0,1376485700179267586,2,1,RL_run
1431658799761436683,Q0,1696992542,3,1,RL_run
1431658799761436683,Q0,2504924647,4,1,RL_run
1431658799761436683,Q0,1376485700179267586,5,1,RL_run
1431658799761436683,Q0,1696992542,6,1,RL_run
1431658799761436683,Q0,1319832283,7,1,RL_run
1431658799761436683,Q0,1319832283,8,1,RL_run
1434275913152217089,Q0,2528322072,1,1,RL_run
1434275913152217089,Q0,23573083,2,1,RL_run
1434275913152217089,Q0,23573083,3,1,RL_run
1434275913152217089,Q0,70425256,4,1,RL_run
1434275913152217089,Q0,1036220551143059456,5,1,RL_run
1434275913152217089,Q0,70425256,6,1,RL_run
1434275913152217089,Q0,70425256,7,1,RL_run
1434275913152217089,Q0,70425256,8,1,RL_run
1130993490048036864,Q0,142266613,1,1,RL_run
1130993490048036864,Q0,153436029,2,1,RL_run
1130993490048036864,Q0,142264595,3,1,RL_run
1130993490048036864,Q0,142266613,4,1,RL_run
1130993490048036864,Q0,1006499503,5,1,RL_run
1130993490048036864,Q0,142266613,6,1,RL_run
1130993490048036864,Q0,827488482721402884,7,1,RL_run
1130993490048036864,Q0,153436029,8,1,RL_run
1130993490048036864,Q0,142264595,9,1,RL_run
1130993490048036864,Q0,142266613,10,1,RL_run
1230432573899333632,Q0,1101043267196592128,1,1,RL_run
1230432573899333632,Q0,905054308147879936,2,1,RL_run
1230432573899333632,Q0,1101043267196592128,3,1,RL_run
1230432573899333632,Q0,34364681,4,1,RL_run
1230432573899333632,Q0,1101043267196592128,5,1,RL_run
1230432573899333632,Q0,859254150009323520,6,1,RL_run
1230432573899333632,Q0,904025952187015169,7,1,RL_run
1230432573899333632,Q0,2977168754,8,1,RL_run
1230432573899333632,Q0,904025952187015169,9,1,RL_run
1230432573899333632,Q0,1030318471,10,1,RL_run
1230432573899333632,Q0,982219486248910849,11,1,RL_run
1230432573899333632,Q0,1204509594267074561,12,1,RL_run
1230432573899333632,Q0,859254150009323520,13,1,RL_run
1230432573899333632,Q0,702431210266562560,14,1,RL_run
1230432573899333632,Q0,1072152146563489793,15,1,RL_run
1230432573899333632,Q0,904025952187015169,16,1,RL_run
1230432573899333632,Q0,2977168754,17,1,RL_run
1230432573899333632,Q0,982219486248910849,18,1,RL_run
1230432573899333632,Q0,1072152146563489793,19,1,RL_run
1230432573899333632,Q0,904025952187015169,20,1,RL_run
1230432573899333632,Q0,1072152146563489793,21,1,RL_run
1230432573899333632,Q0,2977168754,22,1,RL_run
1230432573899333632,Q0,904025952187015169,23,1,RL_run
1230432573899333632,Q0,1072152146563489793,24,1,RL_run
1230432573899333632,Q0,904025952187015169,25,1,RL_run
1230432573899333632,Q0,1204509594267074561,26,1,RL_run
1230432573899333632,Q0,904025952187015169,27,1,RL_run
1230432573899333632,Q0,2977168754,28,1,RL_run
1243235463386800128,Q0,2419191913,1,1,RL_run
1243235463386800128,Q0,1222135873027936256,2,1,RL_run
1243235463386800128,Q0,1086648448198328320,3,1,RL_run
1243235463386800128,Q0,3369416608,4,1,RL_run
1243235463386800128,Q0,283386225,5,1,RL_run
1243235463386800128,Q0,259372802,6,1,RL_run
1243235463386800128,Q0,1222135873027936256,7,1,RL_run
1243235463386800128,Q0,3369416608,8,1,RL_run
1243235463386800128,Q0,846334047383105537,9,1,RL_run
1243235463386800128,Q0,382696738,10,1,RL_run
1243235463386800128,Q0,237695510,11,1,RL_run
1243235463386800128,Q0,288160069,12,1,RL_run
1243235463386800128,Q0,754706630114156544,13,1,RL_run
1243235463386800128,Q0,3369416608,14,1,RL_run
1243235463386800128,Q0,2963731179,15,1,RL_run
1243235463386800128,Q0,3065500501,16,1,RL_run
1243235463386800128,Q0,754706630114156544,17,1,RL_run
1243235463386800128,Q0,237695510,18,1,RL_run
1243235463386800128,Q0,1225098268364955648,19,1,RL_run
1243235463386800128,Q0,5536782,20,1,RL_run
1243235463386800128,Q0,5536782,21,1,RL_run
1243235463386800128,Q0,2419191913,22,1,RL_run
1243235463386800128,Q0,3065500501,23,1,RL_run
1243235463386800128,Q0,1009434428,24,1,RL_run
1243235463386800128,Q0,3065500501,25,1,RL_run
1243235463386800128,Q0,3065500501,26,1,RL_run
1243235463386800128,Q0,1009434428,27,1,RL_run
1243235463386800128,Q0,1009434428,28,1,RL_run
1243235463386800128,Q0,1009434428,29,1,RL_run
1243235463386800128,Q0,3065500501,30,1,RL_run
1243235463386800128,Q0,846334047383105537,31,1,RL_run
1243235463386800128,Q0,3065500501,32,1,RL_run
1243235463386800128,Q0,3065500501,33,1,RL_run
1243235463386800128,Q0,3369416608,34,1,RL_run
1243235463386800128,Q0,3369416608,35,1,RL_run
1243235463386800128,Q0,846334047383105537,36,1,RL_run
1243235463386800128,Q0,3369416608,37,1,RL_run
1243235463386800128,Q0,846334047383105537,38,1,RL_run
1257394489251041282,Q0,486030375,1,1,RL_run
1257394489251041282,Q0,3119992756,2,1,RL_run
1257394489251041282,Q0,928383181044232192,3,1,RL_run
1257394489251041282,Q0,457621150,4,1,RL_run
1257394489251041282,Q0,712217980264947712,5,1,RL_run
1257394489251041282,Q0,3373260719,6,1,RL_run
1257394489251041282,Q0,298480821,7,1,RL_run
1257394489251041282,Q0,2902254022,8,1,RL_run
1257394489251041282,Q0,2902254022,9,1,RL_run
1257394489251041282,Q0,3373260719,10,1,RL_run
1257394489251041282,Q0,3119992756,11,1,RL_run
1257394489251041282,Q0,3119992756,12,1,RL_run
1257394489251041282,Q0,325268167,13,1,RL_run
1257394489251041282,Q0,1223905265344557059,14,1,RL_run
1257394489251041282,Q0,3119992756,15,1,RL_run
1257394489251041282,Q0,3119992756,16,1,RL_run
1257394489251041282,Q0,1223905265344557059,17,1,RL_run
1257394489251041282,Q0,3119992756,18,1,RL_run
1257394489251041282,Q0,3119992756,19,1,RL_run
1257394489251041282,Q0,3373260719,20,1,RL_run
1257719341086314498,Q0,3074962502,1,1,RL_run
1257719341086314498,Q0,841211876776259585,2,1,RL_run
1257719341086314498,Q0,1155836171265724417,3,1,RL_run
1257719341086314498,Q0,3074962502,4,1,RL_run
1257719341086314498,Q0,816213211150188544,5,1,RL_run
1257719341086314498,Q0,1246005840970219520,6,1,RL_run
1257719341086314498,Q0,179003950,7,1,RL_run
1257719341086314498,Q0,745581936421257216,8,1,RL_run
1257719341086314498,Q0,1362191299,9,1,RL_run
1257719341086314498,Q0,1362191299,10,1,RL_run
1257719341086314498,Q0,1155836171265724417,11,1,RL_run
1257719341086314498,Q0,1155836171265724417,12,1,RL_run
1257719341086314498,Q0,1155836171265724417,13,1,RL_run
1257719341086314498,Q0,966564689177202688,14,1,RL_run
1257719341086314498,Q0,3074962502,15,1,RL_run
1257719341086314498,Q0,187142863,16,1,RL_run
1257719341086314498,Q0,3074962502,17,1,RL_run
1257719341086314498,Q0,1155836171265724417,18,1,RL_run
1257719341086314498,Q0,745581936421257216,19,1,RL_run
1257719341086314498,Q0,745581936421257216,20,1,RL_run
1291938144485613571,Q0,1246739950990757888,1,1,RL_run
1291938144485613571,Q0,1066881764,2,1,RL_run
1291938144485613571,Q0,1066881764,3,1,RL_run
1291938144485613571,Q0,912351808781275136,4,1,RL_run
1291938144485613571,Q0,17486794,5,1,RL_run
1291938144485613571,Q0,912351808781275136,6,1,RL_run
1291938144485613571,Q0,956256691,7,1,RL_run
1291938144485613571,Q0,801790389090926592,8,1,RL_run
1291938144485613571,Q0,2548704956,9,1,RL_run
1291938144485613571,Q0,1066881764,10,1,RL_run
1291938144485613571,Q0,1066881764,11,1,RL_run
1291938144485613571,Q0,956256691,12,1,RL_run
1291938144485613571,Q0,801790389090926592,13,1,RL_run
1291938144485613571,Q0,956256691,14,1,RL_run
1291938144485613571,Q0,801790389090926592,15,1,RL_run
1291938144485613571,Q0,79942437,16,1,RL_run
1291938144485613571,Q0,801790389090926592,17,1,RL_run
1291938144485613571,Q0,79942437,18,1,RL_run
1291938144485613571,Q0,79942437,19,1,RL_run
1291938144485613571,Q0,79942437,20,1,RL_run
1295346471978639360,Q0,404063624,1,1,RL_run
1295346471978639360,Q0,576241232,2,1,RL_run
1295346471978639360,Q0,576241232,3,1,RL_run
1295346471978639360,Q0,576241232,4,1,RL_run
1296436152094924800,Q0,1213058285038817280,1,1,RL_run
1296436152094924800,Q0,453818285,2,1,RL_run
1296436152094924800,Q0,1598543856,3,1,RL_run
1296436152094924800,Q0,1598543856,4,1,RL_run
1296436152094924800,Q0,321354818,5,1,RL_run
1296436152094924800,Q0,321354818,6,1,RL_run
1296436152094924800,Q0,1009434428,7,1,RL_run
1296436152094924800,Q0,321354818,8,1,RL_run
1296436152094924800,Q0,1598543856,9,1,RL_run
1296436152094924800,Q0,321354818,10,1,RL_run
1296436152094924800,Q0,321354818,11,1,RL_run
1296436152094924800,Q0,321354818,12,1,RL_run
1296729114834018304,Q0,1127298802753392645,1,1,RL_run
1296729114834018304,Q0,259372802,2,1,RL_run
1296729114834018304,Q0,455895084,3,1,RL_run
1296729114834018304,Q0,259372802,4,1,RL_run
1296729114834018304,Q0,903130015,5,1,RL_run
1296729114834018304,Q0,259372802,6,1,RL_run
1296729114834018304,Q0,1127298802753392645,7,1,RL_run
1296729114834018304,Q0,259372802,8,1,RL_run
1296729114834018304,Q0,1127298802753392645,9,1,RL_run
1296729114834018304,Q0,569792145,10,1,RL_run
1296729114834018304,Q0,1127298802753392645,11,1,RL_run
1296729114834018304,Q0,1127298802753392645,12,1,RL_run
1300101273052565504,Q0,55672858,1,1,RL_run
1300101273052565504,Q0,1362011846488784897,2,1,RL_run
1300101273052565504,Q0,55672858,3,1,RL_run
1300101273052565504,Q0,1379845510819893253,4,1,RL_run
1300101273052565504,Q0,821377528594046976,5,1,RL_run
1300101273052565504,Q0,821377528594046976,6,1,RL_run
1300101273052565504,Q0,3401077696,7,1,RL_run
1300101273052565504,Q0,55672858,8,1,RL_run
1300101273052565504,Q0,283386225,9,1,RL_run
1300101273052565504,Q0,548192054,10,1,RL_run
1300101273052565504,Q0,548192054,11,1,RL_run
1300101273052565504,Q0,821377528594046976,12,1,RL_run
1300101273052565504,Q0,1402928683480928258,13,1,RL_run
1300101273052565504,Q0,1009434428,14,1,RL_run
1300101273052565504,Q0,3389994433,15,1,RL_run
1300101273052565504,Q0,548192054,16,1,RL_run
1300101273052565504,Q0,1379845510819893253,17,1,RL_run
1300101273052565504,Q0,3235871559,18,1,RL_run
1300101273052565504,Q0,1379845510819893253,19,1,RL_run
1300101273052565504,Q0,1402928683480928258,20,1,RL_run
1300101273052565504,Q0,1379845510819893253,21,1,RL_run
1300101273052565504,Q0,3401077696,22,1,RL_run
1300101273052565504,Q0,3401077696,23,1,RL_run
1300101273052565504,Q0,237695510,24,1,RL_run
1300101273052565504,Q0,55672858,25,1,RL_run
1300101273052565504,Q0,237695510,26,1,RL_run
1300101273052565504,Q0,3401077696,27,1,RL_run
1300101273052565504,Q0,55672858,28,1,RL_run
1300101273052565504,Q0,821377528594046976,29,1,RL_run
1300101273052565504,Q0,3141781482,30,1,RL_run
1300101273052565504,Q0,3141781482,31,1,RL_run
1300101273052565504,Q0,3401077696,32,1,RL_run
1300101273052565504,Q0,3141781482,33,1,RL_run
1300101273052565504,Q0,3141781482,34,1,RL_run
1312510783440388096,Q0,824215967198773248,1,1,RL_run
1312510783440388096,Q0,1033035534,2,1,RL_run
1312510783440388096,Q0,824215967198773248,3,1,RL_run
1312510783440388096,Q0,821749807945580545,4,1,RL_run
1312510783440388096,Q0,821749807945580545,5,1,RL_run
1312510783440388096,Q0,1033035534,6,1,RL_run
1321153279993257988,Q0,4590448419,1,1,RL_run
1321153279993257988,Q0,2583889045,2,1,RL_run
1321153279993257988,Q0,2583889045,3,1,RL_run
1321153279993257988,Q0,3417318741,4,1,RL_run
1321153279993257988,Q0,4590448419,5,1,RL_run
1321153279993257988,Q0,4590448419,6,1,RL_run
1321153279993257988,Q0,4590448419,7,1,RL_run
1321153279993257988,Q0,4590448419,8,1,RL_run
1335734238176534536,Q0,76945884,1,1,RL_run
1335734238176534536,Q0,2419191913,2,1,RL_run
1335734238176534536,Q0,2419191913,3,1,RL_run
1335734238176534536,Q0,2419191913,4,1,RL_run
1335734238176534536,Q0,249409411,5,1,RL_run
1335734238176534536,Q0,886724197,6,1,RL_run
1335734238176534536,Q0,1238960191,7,1,RL_run
1335734238176534536,Q0,76945884,8,1,RL_run
1335734238176534536,Q0,460210929,9,1,RL_run
1335734238176534536,Q0,2963731179,10,1,RL_run
1335734238176534536,Q0,161756251,11,1,RL_run
1335734238176534536,Q0,886724197,12,1,RL_run
1335734238176534536,Q0,210770083,13,1,RL_run
1335734238176534536,Q0,1238960191,14,1,RL_run
1335734238176534536,Q0,886724197,15,1,RL_run
1335734238176534536,Q0,2419191913,16,1,RL_run
1335734238176534536,Q0,2419191913,17,1,RL_run
1335734238176534536,Q0,2963731179,18,1,RL_run
1335734238176534536,Q0,2963731179,19,1,RL_run
1335734238176534536,Q0,886724197,20,1,RL_run
1344677360180854784,Q0,742672412,1,1,RL_run
1344677360180854784,Q0,2963731179,2,1,RL_run
1344677360180854784,Q0,2887235932,3,1,RL_run
1344677360180854784,Q0,742672412,4,1,RL_run
1344677360180854784,Q0,2887235932,5,1,RL_run
1344677360180854784,Q0,742672412,6,1,RL_run
1344677360180854784,Q0,2419191913,7,1,RL_run
1344677360180854784,Q0,161756251,8,1,RL_run
1344677360180854784,Q0,742672412,9,1,RL_run
1344677360180854784,Q0,2887235932,10,1,RL_run
1344677360180854784,Q0,161756251,11,1,RL_run
1344677360180854784,Q0,161756251,12,1,RL_run
1354806175972225033,Q0,3408942634,1,1,RL_run
1354806175972225033,Q0,71516564,2,1,RL_run
1354806175972225033,Q0,3408942634,3,1,RL_run
1354806175972225033,Q0,3408942634,4,1,RL_run
1358511338205687808,Q0,1351089031577284610,1,1,RL_run
1358511338205687808,Q0,1127298802753392645,2,1,RL_run
1358511338205687808,Q0,800084468522360832,3,1,RL_run
1358511338205687808,Q0,2274410504,4,1,RL_run
1358511338205687808,Q0,1355986126897614848,5,1,RL_run
1358511338205687808,Q0,2274410504,6,1,RL_run
1358511338205687808,Q0,1244963822517071872,7,1,RL_run
1358511338205687808,Q0,1244963822517071872,8,1,RL_run
1358511338205687808,Q0,455895084,9,1,RL_run
1358511338205687808,Q0,1244963822517071872,10,1,RL_run
1358511338205687808,Q0,1127298802753392645,11,1,RL_run
1358511338205687808,Q0,1127298802753392645,12,1,RL_run
1358511338205687808,Q0,1244963822517071872,13,1,RL_run
1358511338205687808,Q0,1127298802753392645,14,1,RL_run
1368324508277501955,Q0,32384077,1,1,RL_run
1368324508277501955,Q0,170620083,2,1,RL_run
1368324508277501955,Q0,307599016,3,1,RL_run
1368324508277501955,Q0,969922123,4,1,RL_run
1368324508277501955,Q0,1612596295,5,1,RL_run
1368324508277501955,Q0,166522734,6,1,RL_run
1368324508277501955,Q0,32384077,7,1,RL_run
1368324508277501955,Q0,375350116,8,1,RL_run
1368324508277501955,Q0,332566057,9,1,RL_run
1368324508277501955,Q0,3856857198,10,1,RL_run
1368324508277501955,Q0,332566057,11,1,RL_run
1368324508277501955,Q0,491859098,12,1,RL_run
1368324508277501955,Q0,969922123,13,1,RL_run
1368324508277501955,Q0,491859098,14,1,RL_run
1368324508277501955,Q0,166522734,15,1,RL_run
1368324508277501955,Q0,491859098,16,1,RL_run
1368324508277501955,Q0,332566057,17,1,RL_run
1368324508277501955,Q0,3856857198,18,1,RL_run
1368324508277501955,Q0,332566057,19,1,RL_run
1368324508277501955,Q0,166522734,20,1,RL_run
1370500552795299841,Q0,436682841,1,1,RL_run
1370500552795299841,Q0,606092147,2,1,RL_run
1370500552795299841,Q0,230288829,3,1,RL_run
1370500552795299841,Q0,846334047383105537,4,1,RL_run
1370500552795299841,Q0,606092147,5,1,RL_run
1370500552795299841,Q0,436682841,6,1,RL_run
1370500552795299841,Q0,846334047383105537,7,1,RL_run
1370500552795299841,Q0,544933655,8,1,RL_run
1370500552795299841,Q0,378534651,9,1,RL_run
1370500552795299841,Q0,846334047383105537,10,1,RL_run
1370500552795299841,Q0,378534651,11,1,RL_run
1370500552795299841,Q0,3417318741,12,1,RL_run
1374435390279446539,Q0,3096409386,1,1,RL_run
1374435390279446539,Q0,327777288,2,1,RL_run
1374435390279446539,Q0,935175601379528704,3,1,RL_run
1374435390279446539,Q0,158658574,4,1,RL_run
1374435390279446539,Q0,249409411,5,1,RL_run
1374435390279446539,Q0,3096409386,6,1,RL_run
1374435390279446539,Q0,249913432,7,1,RL_run
1374435390279446539,Q0,4829793377,8,1,RL_run
1374435390279446539,Q0,249913432,9,1,RL_run
1374435390279446539,Q0,249913432,10,1,RL_run
1374435390279446539,Q0,249913432,11,1,RL_run
1374435390279446539,Q0,249913432,12,1,RL_run
1384647002743623681,Q0,1034096051416981505,1,1,RL_run
1384647002743623681,Q0,142264595,2,1,RL_run
1384647002743623681,Q0,142264595,3,1,RL_run
1384647002743623681,Q0,1397195213882499081,4,1,RL_run
1384647002743623681,Q0,728681152534433794,5,1,RL_run
1384647002743623681,Q0,728681152534433794,6,1,RL_run
1397175986286997505,Q0,1274652692217049088,1,1,RL_run
1397175986286997505,Q0,1353711643742662657,2,1,RL_run
1397175986286997505,Q0,404999475,3,1,RL_run
1397175986286997505,Q0,1353711643742662657,4,1,RL_run
1397175986286997505,Q0,2431681758,5,1,RL_run
1397175986286997505,Q0,1903298402,6,1,RL_run
1397175986286997505,Q0,1353711643742662657,7,1,RL_run
1397175986286997505,Q0,1903298402,8,1,RL_run
1397175986286997505,Q0,800084468522360832,9,1,RL_run
1397175986286997505,Q0,293466923,10,1,RL_run
1397175986286997505,Q0,1903298402,11,1,RL_run
1397175986286997505,Q0,1903298402,12,1,RL_run
1397548335511351305,Q0,163975279,1,1,RL_run
1397548335511351305,Q0,569792145,2,1,RL_run
1397548335511351305,Q0,460210929,3,1,RL_run
1397548335511351305,Q0,163975279,4,1,RL_run
1397548335511351305,Q0,163975279,5,1,RL_run
1397548335511351305,Q0,68483043,6,1,RL_run
1397548335511351305,Q0,163975279,7,1,RL_run
1397548335511351305,Q0,460210929,8,1,RL_run
1397548335511351305,Q0,569792145,9,1,RL_run
1397548335511351305,Q0,259372802,10,1,RL_run
1397548335511351305,Q0,259372802,11,1,RL_run
1397548335511351305,Q0,259372802,12,1,RL_run
1399108616444121094,Q0,1144544041062846464,1,1,RL_run
1399108616444121094,Q0,1591247226,2,1,RL_run
1399108616444121094,Q0,1445140613897326600,3,1,RL_run
1399108616444121094,Q0,1244296156630286336,4,1,RL_run
1399108616444121094,Q0,3065500501,5,1,RL_run
1399108616444121094,Q0,405668396,6,1,RL_run
1399108616444121094,Q0,405668396,7,1,RL_run
1399108616444121094,Q0,189868631,8,1,RL_run
1399108616444121094,Q0,3065500501,9,1,RL_run
1399108616444121094,Q0,1327877820,10,1,RL_run
1399108616444121094,Q0,1445140613897326600,11,1,RL_run
1399108616444121094,Q0,1296404103434776576,12,1,RL_run
1399108616444121094,Q0,1110476234515988480,13,1,RL_run
1399108616444121094,Q0,1043252048668643328,14,1,RL_run
1399108616444121094,Q0,1327877820,15,1,RL_run
1399108616444121094,Q0,1203570097,16,1,RL_run
1399108616444121094,Q0,1445140613897326600,17,1,RL_run
1399108616444121094,Q0,2683723274,18,1,RL_run
1399108616444121094,Q0,2683723274,19,1,RL_run
1399108616444121094,Q0,1043252048668643328,20,1,RL_run
1399108616444121094,Q0,1203570097,21,1,RL_run
1399108616444121094,Q0,1207767213844914176,22,1,RL_run
1399108616444121094,Q0,1445140613897326600,23,1,RL_run
1399108616444121094,Q0,1445140613897326600,24,1,RL_run
1400049392283963396,Q0,1182257936002949121,1,1,RL_run
1400049392283963396,Q0,1182257936002949121,2,1,RL_run
1400049392283963396,Q0,2463676838,3,1,RL_run
1400049392283963396,Q0,2463676838,4,1,RL_run
1403479998900670467,Q0,1376485700179267586,1,1,RL_run
1403479998900670467,Q0,756193462932807681,2,1,RL_run
1403479998900670467,Q0,3099604144,3,1,RL_run
1403479998900670467,Q0,3099604144,4,1,RL_run
1403479998900670467,Q0,3099604144,5,1,RL_run
1403479998900670467,Q0,434882299,6,1,RL_run
1403479998900670467,Q0,1379164699804192771,7,1,RL_run
1403479998900670467,Q0,3099604144,8,1,RL_run
1403479998900670467,Q0,1430146772366774280,9,1,RL_run
1403479998900670467,Q0,434882299,10,1,RL_run
1403479998900670467,Q0,16544348,11,1,RL_run
1403479998900670467,Q0,1376485700179267586,12,1,RL_run
1403479998900670467,Q0,544933655,13,1,RL_run
1403479998900670467,Q0,3099604144,14,1,RL_run
1403479998900670467,Q0,4736174597,15,1,RL_run
1403479998900670467,Q0,1359582507214192647,16,1,RL_run
1403479998900670467,Q0,1430146772366774280,17,1,RL_run
1403479998900670467,Q0,378534651,18,1,RL_run
1403479998900670467,Q0,4736174597,19,1,RL_run
1403479998900670467,Q0,3099604144,20,1,RL_run
1403479998900670467,Q0,4736174597,21,1,RL_run
1403479998900670467,Q0,544933655,22,1,RL_run
1403479998900670467,Q0,1319832283,23,1,RL_run
1403479998900670467,Q0,1319832283,24,1,RL_run
1403479998900670467,Q0,1357772826581884930,25,1,RL_run
1403479998900670467,Q0,1319832283,26,1,RL_run
1403479998900670467,Q0,1319832283,27,1,RL_run
1403479998900670467,Q0,1319832283,28,1,RL_run
1405576640042840066,Q0,4402400561,1,1,RL_run
1405576640042840066,Q0,826677625,2,1,RL_run
1405576640042840066,Q0,458301345,3,1,RL_run
1405576640042840066,Q0,3074962502,4,1,RL_run
1405576640042840066,Q0,931668301,5,1,RL_run
1405576640042840066,Q0,745581936421257216,6,1,RL_run
1405576640042840066,Q0,187142863,7,1,RL_run
1405576640042840066,Q0,187142863,8,1,RL_run
1405576640042840066,Q0,187142863,9,1,RL_run
1405576640042840066,Q0,745581936421257216,10,1,RL_run
1421452872898777094,Q0,1186788943930499072,1,1,RL_run
1421452872898777094,Q0,2703410888,2,1,RL_run
1421452872898777094,Q0,1186788943930499072,3,1,RL_run
1421452872898777094,Q0,2703410888,4,1,RL_run
1422925171908915200,Q0,1299566834698641408,1,1,RL_run
1422925171908915200,Q0,2167091822,2,1,RL_run
1422925171908915200,Q0,569792145,3,1,RL_run
1422925171908915200,Q0,1175599581331120130,4,1,RL_run
1422925171908915200,Q0,569792145,5,1,RL_run
1422925171908915200,Q0,460210929,6,1,RL_run
1422925171908915200,Q0,189868631,7,1,RL_run
1422925171908915200,Q0,259372802,8,1,RL_run
1422925171908915200,Q0,189868631,9,1,RL_run
1422925171908915200,Q0,189868631,10,1,RL_run
1426074456615788544,Q0,153436029,1,1,RL_run
1426074456615788544,Q0,153436029,2,1,RL_run
1432429222493048835,Q0,1274652692217049088,1,1,RL_run
1432429222493048835,Q0,1450513873178607623,2,1,RL_run
1432429222493048835,Q0,47297481,3,1,RL_run
1432429222493048835,Q0,1450513873178607623,4,1,RL_run
1432429222493048835,Q0,389057148,5,1,RL_run
1432429222493048835,Q0,47297481,6,1,RL_run
1432429222493048835,Q0,385861795,7,1,RL_run
1432429222493048835,Q0,1274652692217049088,8,1,RL_run
1432429222493048835,Q0,788721259,9,1,RL_run
1432429222493048835,Q0,190592920,10,1,RL_run
1432429222493048835,Q0,389057148,11,1,RL_run
1432429222493048835,Q0,1186788943930499072,12,1,RL_run
1432429222493048835,Q0,190592920,13,1,RL_run
1432429222493048835,Q0,389057148,14,1,RL_run
1432429222493048835,Q0,385861795,15,1,RL_run
1432429222493048835,Q0,389057148,16,1,RL_run
1432429222493048835,Q0,385861795,17,1,RL_run
1432429222493048835,Q0,385861795,18,1,RL_run
1432429222493048835,Q0,788721259,19,1,RL_run
1432429222493048835,Q0,788721259,20,1,RL_run
1432429222493048835,Q0,142264595,21,1,RL_run
1432429222493048835,Q0,47297481,22,1,RL_run
1432429222493048835,Q0,385861795,23,1,RL_run
1432429222493048835,Q0,190592920,24,1,RL_run
1432429222493048835,Q0,821749807945580545,25,1,RL_run
1432429222493048835,Q0,142264595,26,1,RL_run
1432429222493048835,Q0,142264595,27,1,RL_run
1432429222493048835,Q0,142264595,28,1,RL_run
938526354907201539,Q0,824800200879374336,1,1,RL_run
938526354907201539,Q0,2447462545,2,1,RL_run
938526354907201539,Q0,725933681387302914,3,1,RL_run
938526354907201539,Q0,632654368,4,1,RL_run
938526354907201539,Q0,2447462545,5,1,RL_run
938526354907201539,Q0,283386225,6,1,RL_run
938526354907201539,Q0,85518943,7,1,RL_run
938526354907201539,Q0,632654368,8,1,RL_run
938526354907201539,Q0,2333847206,9,1,RL_run
938526354907201539,Q0,2397555530,10,1,RL_run
938526354907201539,Q0,2447462545,11,1,RL_run
938526354907201539,Q0,2710338337,12,1,RL_run
938526354907201539,Q0,237695510,13,1,RL_run
938526354907201539,Q0,725933681387302914,14,1,RL_run
938526354907201539,Q0,725933681387302914,15,1,RL_run
938526354907201539,Q0,2710338337,16,1,RL_run
938526354907201539,Q0,824800200879374336,17,1,RL_run
938526354907201539,Q0,2710338337,18,1,RL_run
938526354907201539,Q0,2447462545,19,1,RL_run
938526354907201539,Q0,2447462545,20,1,RL_run
1227519996143775744,Q0,20260109,1,1,RL_run
1227519996143775744,Q0,57930902,2,1,RL_run
1227519996143775744,Q0,70407496,3,1,RL_run
1227519996143775744,Q0,598347855,4,1,RL_run
1227519996143775744,Q0,875490600954593280,5,1,RL_run
1227519996143775744,Q0,1240975777,6,1,RL_run
1227519996143775744,Q0,3167722574,7,1,RL_run
1227519996143775744,Q0,70407496,8,1,RL_run
1227519996143775744,Q0,1240975777,9,1,RL_run
1227519996143775744,Q0,20260109,10,1,RL_run
1227519996143775744,Q0,20260109,11,1,RL_run
1227519996143775744,Q0,875490600954593280,12,1,RL_run
1227519996143775744,Q0,20260109,13,1,RL_run
1227519996143775744,Q0,875490600954593280,14,1,RL_run
1253858765125935104,Q0,418126519,1,1,RL_run
1253858765125935104,Q0,90668879,2,1,RL_run
1253858765125935104,Q0,1239821176983244800,3,1,RL_run
1253858765125935104,Q0,153337874,4,1,RL_run
1253858765125935104,Q0,341375478,5,1,RL_run
1253858765125935104,Q0,928383181044232192,6,1,RL_run
1253858765125935104,Q0,562818945,7,1,RL_run
1253858765125935104,Q0,1223905265344557059,8,1,RL_run
1253858765125935104,Q0,1239821176983244800,9,1,RL_run
1253858765125935104,Q0,562818945,10,1,RL_run
1253858765125935104,Q0,91066794,11,1,RL_run
1253858765125935104,Q0,91066794,12,1,RL_run
1253858765125935104,Q0,91066794,13,1,RL_run
1253858765125935104,Q0,91066794,14,1,RL_run
1265909092205420544,Q0,569792145,1,1,RL_run
1265909092205420544,Q0,210770083,2,1,RL_run
1265909092205420544,Q0,569792145,3,1,RL_run
1265909092205420544,Q0,210770083,4,1,RL_run
1265909092205420544,Q0,569792145,5,1,RL_run
1265909092205420544,Q0,1222135873027936256,6,1,RL_run
1265909092205420544,Q0,754706630114156544,7,1,RL_run
1265909092205420544,Q0,754706630114156544,8,1,RL_run
1265909092205420544,Q0,1222135873027936256,9,1,RL_run
1265909092205420544,Q0,259372802,10,1,RL_run
1265909092205420544,Q0,754706630114156544,11,1,RL_run
1265909092205420544,Q0,754706630114156544,12,1,RL_run
1274227442677362694,Q0,3044560679,1,1,RL_run
1274227442677362694,Q0,2378373432,2,1,RL_run
1274227442677362694,Q0,2934960411,3,1,RL_run
1274227442677362694,Q0,2962419803,4,1,RL_run
1274227442677362694,Q0,2962419803,5,1,RL_run
1274227442677362694,Q0,1737197227,6,1,RL_run
1274227442677362694,Q0,1273562202,7,1,RL_run
1274227442677362694,Q0,817556882030292993,8,1,RL_run
1274227442677362694,Q0,2314114776,9,1,RL_run
1274227442677362694,Q0,1273562202,10,1,RL_run
1274227442677362694,Q0,2934960411,11,1,RL_run
1274227442677362694,Q0,260153653,12,1,RL_run
1274227442677362694,Q0,260153653,13,1,RL_run
1274227442677362694,Q0,3044560679,14,1,RL_run
1274227442677362694,Q0,2962419803,15,1,RL_run
1274227442677362694,Q0,1273562202,16,1,RL_run
1274227442677362694,Q0,2934960411,17,1,RL_run
1274227442677362694,Q0,1273562202,18,1,RL_run
1292983079125110784,Q0,1134902984868061184,1,1,RL_run
1292983079125110784,Q0,718688410731347968,2,1,RL_run
1292983079125110784,Q0,1282231008176353281,3,1,RL_run
1292983079125110784,Q0,1215286889600647170,4,1,RL_run
1292983079125110784,Q0,1065972931677827073,5,1,RL_run
1292983079125110784,Q0,1227513773214269442,6,1,RL_run
1292983079125110784,Q0,2554841876,7,1,RL_run
1292983079125110784,Q0,175349114,8,1,RL_run
1292983079125110784,Q0,1192946702891790336,9,1,RL_run
1292983079125110784,Q0,1282231008176353281,10,1,RL_run
1292983079125110784,Q0,2515500817,11,1,RL_run
1292983079125110784,Q0,1220252224317808640,12,1,RL_run
1292983079125110784,Q0,1227513773214269442,13,1,RL_run
1292983079125110784,Q0,718688410731347968,14,1,RL_run
1292983079125110784,Q0,2394143648,15,1,RL_run
1292983079125110784,Q0,1215286889600647170,16,1,RL_run
1292983079125110784,Q0,1065972931677827073,17,1,RL_run
1292983079125110784,Q0,1282231008176353281,18,1,RL_run
1292983079125110784,Q0,1065972931677827073,19,1,RL_run
1292983079125110784,Q0,1065972931677827073,20,1,RL_run
1292983079125110784,Q0,718688410731347968,21,1,RL_run
1292983079125110784,Q0,2394143648,22,1,RL_run
1292983079125110784,Q0,1065972931677827073,23,1,RL_run
1292983079125110784,Q0,718688410731347968,24,1,RL_run
1293965899972706307,Q0,388799598,1,1,RL_run
1293965899972706307,Q0,271917339,2,1,RL_run
1293965899972706307,Q0,388799598,3,1,RL_run
1293965899972706307,Q0,338574743,4,1,RL_run
1293965899972706307,Q0,388799598,5,1,RL_run
1293965899972706307,Q0,388799598,6,1,RL_run
1293965899972706307,Q0,395505160,7,1,RL_run
1293965899972706307,Q0,388799598,8,1,RL_run
1293965899972706307,Q0,373257377,9,1,RL_run
1293965899972706307,Q0,373257377,10,1,RL_run
1296416404581883905,Q0,2932151390,1,1,RL_run
1296416404581883905,Q0,1311393632415612928,2,1,RL_run
1296416404581883905,Q0,310289687,3,1,RL_run
1296416404581883905,Q0,798816155515265025,4,1,RL_run
1296416404581883905,Q0,1575971503,5,1,RL_run
1296416404581883905,Q0,261680489,6,1,RL_run
1296416404581883905,Q0,171826241,7,1,RL_run
1296416404581883905,Q0,243582274,8,1,RL_run
1296416404581883905,Q0,283700328,9,1,RL_run
1296416404581883905,Q0,2481931119,10,1,RL_run
1296416404581883905,Q0,798816155515265025,11,1,RL_run
1296416404581883905,Q0,243582274,12,1,RL_run
1296416404581883905,Q0,171826241,13,1,RL_run
1296416404581883905,Q0,171826241,14,1,RL_run
1296416404581883905,Q0,1575971503,15,1,RL_run
1296416404581883905,Q0,1575971503,16,1,RL_run
1296416404581883905,Q0,452800053,17,1,RL_run
1296416404581883905,Q0,1311393632415612928,18,1,RL_run
1296416404581883905,Q0,250371316,19,1,RL_run
1296416404581883905,Q0,2878862851,20,1,RL_run
1296416404581883905,Q0,2481931119,21,1,RL_run
1296416404581883905,Q0,2878862851,22,1,RL_run
1296416404581883905,Q0,171826241,23,1,RL_run
1296416404581883905,Q0,570887519,24,1,RL_run
1296416404581883905,Q0,452800053,25,1,RL_run
1296416404581883905,Q0,452800053,26,1,RL_run
1300775894395617280,Q0,2578241515,1,1,RL_run
1300775894395617280,Q0,108978874,2,1,RL_run
1300775894395617280,Q0,108978874,3,1,RL_run
1300775894395617280,Q0,505752384,4,1,RL_run
1300775894395617280,Q0,216289357,5,1,RL_run
1300775894395617280,Q0,947393150,6,1,RL_run
1300775894395617280,Q0,186441686,7,1,RL_run
1300775894395617280,Q0,2578241515,8,1,RL_run
1300775894395617280,Q0,2578241515,9,1,RL_run
1300775894395617280,Q0,2578241515,10,1,RL_run
1300775894395617280,Q0,186441686,11,1,RL_run
1300775894395617280,Q0,216289357,12,1,RL_run
1304057985413591040,Q0,820064348911599616,1,1,RL_run
1304057985413591040,Q0,1259776772507422720,2,1,RL_run
1304057985413591040,Q0,940994087511117825,3,1,RL_run
1304057985413591040,Q0,2697577818,4,1,RL_run
1304057985413591040,Q0,1677950707,5,1,RL_run
1304057985413591040,Q0,1183512104,6,1,RL_run
1304057985413591040,Q0,1259776772507422720,7,1,RL_run
1304057985413591040,Q0,1109903943549759499,8,1,RL_run
1304057985413591040,Q0,3712551264,9,1,RL_run
1304057985413591040,Q0,3712551264,10,1,RL_run
1304057985413591040,Q0,2876420003,11,1,RL_run
1304057985413591040,Q0,2697577818,12,1,RL_run
1304057985413591040,Q0,3314169632,13,1,RL_run
1304057985413591040,Q0,1109903943549759499,14,1,RL_run
1304057985413591040,Q0,821692297,15,1,RL_run
1304057985413591040,Q0,1259776772507422720,16,1,RL_run
1304057985413591040,Q0,821692297,17,1,RL_run
1304057985413591040,Q0,3712551264,18,1,RL_run
1304057985413591040,Q0,3712551264,19,1,RL_run
1304057985413591040,Q0,132842772,20,1,RL_run
1304057985413591040,Q0,55587669,21,1,RL_run
1304057985413591040,Q0,132842772,22,1,RL_run
1304057985413591040,Q0,3314169632,23,1,RL_run
1304057985413591040,Q0,3314169632,24,1,RL_run
1304207196754972672,Q0,163975279,1,1,RL_run
1304207196754972672,Q0,1280216131110940672,2,1,RL_run
1304207196754972672,Q0,163975279,3,1,RL_run
1304207196754972672,Q0,3879047903,4,1,RL_run
1304207196754972672,Q0,569792145,5,1,RL_run
1304207196754972672,Q0,2301938037,6,1,RL_run
1304207196754972672,Q0,3879047903,7,1,RL_run
1304207196754972672,Q0,569792145,8,1,RL_run
1304207196754972672,Q0,259372802,9,1,RL_run
1304207196754972672,Q0,460210929,10,1,RL_run
1304207196754972672,Q0,460210929,11,1,RL_run
1304207196754972672,Q0,259372802,12,1,RL_run
1304207196754972672,Q0,460210929,13,1,RL_run
1304207196754972672,Q0,569792145,14,1,RL_run
1304207196754972672,Q0,150578679,15,1,RL_run
1304207196754972672,Q0,150578679,16,1,RL_run
1318997109409013763,Q0,1325166150427144194,1,1,RL_run
1318997109409013763,Q0,405668396,2,1,RL_run
1318997109409013763,Q0,3299597845,3,1,RL_run
1318997109409013763,Q0,1353711643742662657,4,1,RL_run
1318997109409013763,Q0,3299597845,5,1,RL_run
1318997109409013763,Q0,1264208004,6,1,RL_run
1318997109409013763,Q0,293466923,7,1,RL_run
1318997109409013763,Q0,293466923,8,1,RL_run
1318997109409013763,Q0,1903298402,9,1,RL_run
1318997109409013763,Q0,789025117,10,1,RL_run
1318997109409013763,Q0,814871621139841026,11,1,RL_run
1318997109409013763,Q0,814871621139841026,12,1,RL_run
1318997109409013763,Q0,814871621139841026,13,1,RL_run
1318997109409013763,Q0,1903298402,14,1,RL_run
1318997109409013763,Q0,1264208004,15,1,RL_run
1318997109409013763,Q0,1903298402,16,1,RL_run
1318997109409013763,Q0,1903298402,17,1,RL_run
1318997109409013763,Q0,293466923,18,1,RL_run
1318997109409013763,Q0,293466923,19,1,RL_run
1318997109409013763,Q0,1903298402,20,1,RL_run
1329019940435849217,Q0,2983681242,1,1,RL_run
1329019940435849217,Q0,3005167118,2,1,RL_run
1329019940435849217,Q0,3005167118,3,1,RL_run
1329019940435849217,Q0,486299239,4,1,RL_run
1329019940435849217,Q0,372589209,5,1,RL_run
1329019940435849217,Q0,526294957,6,1,RL_run
1329019940435849217,Q0,712217980264947712,7,1,RL_run
1329019940435849217,Q0,1244963822517071872,8,1,RL_run
1329019940435849217,Q0,20419958,9,1,RL_run
1329019940435849217,Q0,455895084,10,1,RL_run
1329019940435849217,Q0,116424578,11,1,RL_run
1329019940435849217,Q0,1244963822517071872,12,1,RL_run
1329019940435849217,Q0,3402641178,13,1,RL_run
1329019940435849217,Q0,486299239,14,1,RL_run
1329019940435849217,Q0,2983681242,15,1,RL_run
1329019940435849217,Q0,486299239,16,1,RL_run
1329019940435849217,Q0,3119992756,17,1,RL_run
1329019940435849217,Q0,486299239,18,1,RL_run
1329019940435849217,Q0,456546676,19,1,RL_run
1329019940435849217,Q0,1223905265344557059,20,1,RL_run
1329019940435849217,Q0,3005167118,21,1,RL_run
1329019940435849217,Q0,116424578,22,1,RL_run
1329019940435849217,Q0,1223905265344557059,23,1,RL_run
1329019940435849217,Q0,455895084,24,1,RL_run
1329019940435849217,Q0,3005167118,25,1,RL_run
1329019940435849217,Q0,3119992756,26,1,RL_run
1329019940435849217,Q0,3005167118,27,1,RL_run
1329019940435849217,Q0,116424578,28,1,RL_run
1329019940435849217,Q0,3119992756,29,1,RL_run
1329019940435849217,Q0,455895084,30,1,RL_run
1333109113912520705,Q0,1426509503709827079,1,1,RL_run
1333109113912520705,Q0,359700126,2,1,RL_run
1333109113912520705,Q0,359700126,3,1,RL_run
1333109113912520705,Q0,359700126,4,1,RL_run
1333109113912520705,Q0,1426509503709827079,5,1,RL_run
1333109113912520705,Q0,359700126,6,1,RL_run
1333109113912520705,Q0,70407496,7,1,RL_run
1333109113912520705,Q0,70407496,8,1,RL_run
1333109113912520705,Q0,506482816,9,1,RL_run
1333109113912520705,Q0,3167722574,10,1,RL_run
1333109113912520705,Q0,3167722574,11,1,RL_run
1333109113912520705,Q0,294061340,12,1,RL_run
1333109113912520705,Q0,3167722574,13,1,RL_run
1333109113912520705,Q0,70407496,14,1,RL_run
1333109113912520705,Q0,359700126,15,1,RL_run
1333109113912520705,Q0,359700126,16,1,RL_run
1333109113912520705,Q0,70407496,17,1,RL_run
1333109113912520705,Q0,3167722574,18,1,RL_run
1333109113912520705,Q0,506482816,19,1,RL_run
1333109113912520705,Q0,506482816,20,1,RL_run
1344295131764162561,Q0,2338340273,1,1,RL_run
1344295131764162561,Q0,264615753,2,1,RL_run
1344295131764162561,Q0,264615753,3,1,RL_run
1344295131764162561,Q0,1239621033281433601,4,1,RL_run
1344295131764162561,Q0,249409411,5,1,RL_run
1344295131764162561,Q0,208469691,6,1,RL_run
1344295131764162561,Q0,264615753,7,1,RL_run
1344295131764162561,Q0,208469691,8,1,RL_run
1344295131764162561,Q0,249913432,9,1,RL_run
1344295131764162561,Q0,3712551264,10,1,RL_run
1344295131764162561,Q0,1239621033281433601,11,1,RL_run
1344295131764162561,Q0,264615753,12,1,RL_run
1344295131764162561,Q0,570887519,13,1,RL_run
1344295131764162561,Q0,821692297,14,1,RL_run
1344295131764162561,Q0,821692297,15,1,RL_run
1344295131764162561,Q0,452800053,16,1,RL_run
1344295131764162561,Q0,570887519,17,1,RL_run
1344295131764162561,Q0,55587669,18,1,RL_run
1344295131764162561,Q0,1239621033281433601,19,1,RL_run
1344295131764162561,Q0,1239621033281433601,20,1,RL_run
1344295131764162561,Q0,249913432,21,1,RL_run
1344295131764162561,Q0,249913432,22,1,RL_run
1344295131764162561,Q0,249913432,23,1,RL_run
1344295131764162561,Q0,55587669,24,1,RL_run
1344295131764162561,Q0,249409411,25,1,RL_run
1344295131764162561,Q0,249913432,26,1,RL_run
1348876821157326853,Q0,1127298802753392645,1,1,RL_run
1348876821157326853,Q0,456546676,2,1,RL_run
1348876821157326853,Q0,2283727807,3,1,RL_run
1348876821157326853,Q0,715847424,4,1,RL_run
1348876821157326853,Q0,455895084,5,1,RL_run
1348876821157326853,Q0,1127298802753392645,6,1,RL_run
1348876821157326853,Q0,456546676,7,1,RL_run
1348876821157326853,Q0,2274410504,8,1,RL_run
1348876821157326853,Q0,1244963822517071872,9,1,RL_run
1348876821157326853,Q0,455895084,10,1,RL_run
1348876821157326853,Q0,1244963822517071872,11,1,RL_run
1348876821157326853,Q0,455895084,12,1,RL_run
1355985045916409865,Q0,1450513873178607623,1,1,RL_run
1355985045916409865,Q0,1188820224293908480,2,1,RL_run
1355985045916409865,Q0,1450513873178607623,3,1,RL_run
1355985045916409865,Q0,1450513873178607623,4,1,RL_run
1355985045916409865,Q0,1188820224293908480,5,1,RL_run
1355985045916409865,Q0,823949374866784258,6,1,RL_run
1355985045916409865,Q0,1278466124699631619,7,1,RL_run
1355985045916409865,Q0,190592920,8,1,RL_run
1355985045916409865,Q0,190592920,9,1,RL_run
1355985045916409865,Q0,190592920,10,1,RL_run
1355985045916409865,Q0,1278466124699631619,11,1,RL_run
1355985045916409865,Q0,1278466124699631619,12,1,RL_run
1360935258997276673,Q0,912351808781275136,1,1,RL_run
1360935258997276673,Q0,1246005840970219520,2,1,RL_run
1360935258997276673,Q0,4897143069,3,1,RL_run
1360935258997276673,Q0,2831221024,4,1,RL_run
1360935258997276673,Q0,131090284,5,1,RL_run
1360935258997276673,Q0,919571515,6,1,RL_run
1360935258997276673,Q0,1069574867249434624,7,1,RL_run
1360935258997276673,Q0,912265488,8,1,RL_run
1360935258997276673,Q0,821692297,9,1,RL_run
1360935258997276673,Q0,131090284,10,1,RL_run
1360935258997276673,Q0,131090284,11,1,RL_run
1360935258997276673,Q0,131090284,12,1,RL_run
1360935258997276673,Q0,1106629313988837378,13,1,RL_run
1360935258997276673,Q0,919571515,14,1,RL_run
1368548501374726145,Q0,1264208004,1,1,RL_run
1368548501374726145,Q0,1264208004,2,1,RL_run
1368548501374726145,Q0,1264208004,3,1,RL_run
1368548501374726145,Q0,1264208004,4,1,RL_run
1368548501374726145,Q0,482970120,5,1,RL_run
1368548501374726145,Q0,1264208004,6,1,RL_run
1368548501374726145,Q0,1264208004,7,1,RL_run
1368548501374726145,Q0,1264208004,8,1,RL_run
1371053837063180293,Q0,1126468782631862274,1,1,RL_run
1371053837063180293,Q0,2419191913,2,1,RL_run
1371053837063180293,Q0,19386622,3,1,RL_run
1371053837063180293,Q0,445837775,4,1,RL_run
1371053837063180293,Q0,19386622,5,1,RL_run
1371053837063180293,Q0,119360445,6,1,RL_run
1371053837063180293,Q0,2419191913,7,1,RL_run
1371053837063180293,Q0,119360445,8,1,RL_run
1377274435221262337,Q0,375225994,1,1,RL_run
1377274435221262337,Q0,722486044059398144,2,1,RL_run
1377274435221262337,Q0,590679400,3,1,RL_run
1377274435221262337,Q0,45522292,4,1,RL_run
1377274435221262337,Q0,722486044059398144,5,1,RL_run
1377274435221262337,Q0,45522292,6,1,RL_run
1377274435221262337,Q0,722486044059398144,7,1,RL_run
1377274435221262337,Q0,45522292,8,1,RL_run
1377274435221262337,Q0,129518457,9,1,RL_run
1377274435221262337,Q0,129518457,10,1,RL_run
1392202007008665612,Q0,388799598,1,1,RL_run
1392202007008665612,Q0,977741766282698752,2,1,RL_run
1392202007008665612,Q0,613359204,3,1,RL_run
1392202007008665612,Q0,388799598,4,1,RL_run
1392202007008665612,Q0,613359204,5,1,RL_run
1392202007008665612,Q0,373257377,6,1,RL_run
1392202007008665612,Q0,388799598,7,1,RL_run
1392202007008665612,Q0,373257377,8,1,RL_run
1398996681081901060,Q0,1101043267196592128,1,1,RL_run
1398996681081901060,Q0,1101043267196592128,2,1,RL_run
1398996681081901060,Q0,905054308147879936,3,1,RL_run
1398996681081901060,Q0,809007978959568898,4,1,RL_run
1398996681081901060,Q0,904025952187015169,5,1,RL_run
1398996681081901060,Q0,1173536217973055488,6,1,RL_run
1398996681081901060,Q0,385282961,7,1,RL_run
1398996681081901060,Q0,2977168754,8,1,RL_run
1398996681081901060,Q0,1204509594267074561,9,1,RL_run
1398996681081901060,Q0,1204509594267074561,10,1,RL_run
1398996681081901060,Q0,809007978959568898,11,1,RL_run
1398996681081901060,Q0,1204509594267074561,12,1,RL_run
1398996681081901060,Q0,809007978959568898,13,1,RL_run
1398996681081901060,Q0,2977168754,14,1,RL_run
1398996681081901060,Q0,34364681,15,1,RL_run
1398996681081901060,Q0,904025952187015169,16,1,RL_run
1398996681081901060,Q0,34364681,17,1,RL_run
1398996681081901060,Q0,2977168754,18,1,RL_run
1398996681081901060,Q0,2977168754,19,1,RL_run
1398996681081901060,Q0,2977168754,20,1,RL_run
1404204436407263234,Q0,142264595,1,1,RL_run
1404204436407263234,Q0,1583979020,2,1,RL_run
1404204436407263234,Q0,142264595,3,1,RL_run
1404204436407263234,Q0,2802020953,4,1,RL_run
1409087616650297351,Q0,131118286,1,1,RL_run
1409087616650297351,Q0,259372802,2,1,RL_run
1409087616650297351,Q0,259372802,3,1,RL_run
1409087616650297351,Q0,259372802,4,1,RL_run
1421626698899001350,Q0,397815350,1,1,RL_run
1421626698899001350,Q0,732319935318401026,2,1,RL_run
1421626698899001350,Q0,397815350,3,1,RL_run
1421626698899001350,Q0,397815350,4,1,RL_run
1421626698899001350,Q0,1085077101278126080,5,1,RL_run
1421626698899001350,Q0,335603719,6,1,RL_run
1421626698899001350,Q0,294061340,7,1,RL_run
1421626698899001350,Q0,60327493,8,1,RL_run
1421626698899001350,Q0,732319935318401026,9,1,RL_run
1421626698899001350,Q0,60327493,10,1,RL_run
1421626698899001350,Q0,2679646598,11,1,RL_run
1421626698899001350,Q0,397815350,12,1,RL_run
1421626698899001350,Q0,618431042,13,1,RL_run
1421626698899001350,Q0,552741802,14,1,RL_run
1421626698899001350,Q0,60327493,15,1,RL_run
1421626698899001350,Q0,2679646598,16,1,RL_run
1421626698899001350,Q0,294061340,17,1,RL_run
1421626698899001350,Q0,1458942624,18,1,RL_run
1421626698899001350,Q0,294061340,19,1,RL_run
1421626698899001350,Q0,3167722574,20,1,RL_run
1421626698899001350,Q0,1240975777,21,1,RL_run
1421626698899001350,Q0,552741802,22,1,RL_run
1421626698899001350,Q0,294061340,23,1,RL_run
1421626698899001350,Q0,1085077101278126080,24,1,RL_run
1421626698899001350,Q0,552741802,25,1,RL_run
1421626698899001350,Q0,294061340,26,1,RL_run
1421626698899001350,Q0,294061340,27,1,RL_run
1421626698899001350,Q0,1240975777,28,1,RL_run
1428285565905117187,Q0,947425424,1,1,RL_run
1428285565905117187,Q0,947425424,2,1,RL_run
1428304625329913867,Q0,389764966,1,1,RL_run
1428304625329913867,Q0,1011119656588009472,2,1,RL_run
1428304625329913867,Q0,1011119656588009472,3,1,RL_run
1428304625329913867,Q0,1011119656588009472,4,1,RL_run
1428304625329913867,Q0,966564689177202688,5,1,RL_run
1428304625329913867,Q0,187142863,6,1,RL_run
1428304625329913867,Q0,2979043046,7,1,RL_run
1428304625329913867,Q0,2979043046,8,1,RL_run
1428304625329913867,Q0,966564689177202688,9,1,RL_run
1428304625329913867,Q0,1119853169155112960,10,1,RL_run
1428304625329913867,Q0,1119853169155112960,11,1,RL_run
1428304625329913867,Q0,1011119656588009472,12,1,RL_run
1428304625329913867,Q0,1011119656588009472,13,1,RL_run
1428304625329913867,Q0,2979043046,14,1,RL_run
1428304625329913867,Q0,966564689177202688,15,1,RL_run
1428304625329913867,Q0,2979043046,16,1,RL_run
1428347808860442632,Q0,587463737,1,1,RL_run
1428347808860442632,Q0,576241232,2,1,RL_run
1428347808860442632,Q0,587463737,3,1,RL_run
1428347808860442632,Q0,587463737,4,1,RL_run
1431941468952870912,Q0,1186788943930499072,1,1,RL_run
1431941468952870912,Q0,965854831641616384,2,1,RL_run
1431941468952870912,Q0,794172666534039552,3,1,RL_run
1431941468952870912,Q0,752729566326685696,4,1,RL_run
1431941468952870912,Q0,1379072343516020739,5,1,RL_run
1431941468952870912,Q0,1379072343516020739,6,1,RL_run
1431941468952870912,Q0,1186788943930499072,7,1,RL_run
1431941468952870912,Q0,821749807945580545,8,1,RL_run
1431941468952870912,Q0,304754319,9,1,RL_run
1431941468952870912,Q0,1186788943930499072,10,1,RL_run
1431941468952870912,Q0,1186788943930499072,11,1,RL_run
1431941468952870912,Q0,980173351455993856,12,1,RL_run
1431941468952870912,Q0,980173351455993856,13,1,RL_run
1431941468952870912,Q0,980173351455993856,14,1,RL_run
